observation_date,DEXSLUS
2021-03-15,196.8700
2021-03-16,198.0000
2021-03-17,198.2600
2021-03-18,197.2800
2021-03-19,197.2800
2021-03-22,197.5000
2021-03-23,198.3800
2021-03-24,198.2200
2021-03-25,198.1900
2021-03-26,198.5500
2021-03-29,198.8200
2021-03-30,199.0200
2021-03-31,199.0700
2021-04-01,198.7300
2021-04-02,198.8700
2021-04-05,199.5700
2021-04-06,199.7500
2021-04-07,199.7500
2021-04-08,199.7500
2021-04-09,199.7500
2021-04-12,201.1000
2021-04-13,201.1000
2021-04-14,201.1000
2021-04-15,200.7100
2021-04-16,195.8600
2021-04-19,189.0500
2021-04-20,190.2900
2021-04-21,191.6100
2021-04-22,192.0000
2021-04-23,193.0000
2021-04-26,193.6600
2021-04-27,194.0000
2021-04-28,194.0000
2021-04-29,196.0000
2021-04-30,197.0000
2021-05-03,197.0000
2021-05-04,196.3600
2021-05-05,196.3300
2021-05-06,196.0000
2021-05-07,197.5000
2021-05-10,197.5000
2021-05-11,195.8700
2021-05-12,196.0700
2021-05-13,196.7300
2021-05-14,196.7300
2021-05-17,196.7300
2021-05-18,196.6100
2021-05-19,196.0000
2021-05-20,196.0000
2021-05-21,196.7700
2021-05-24,196.7700
2021-05-25,197.9200
2021-05-26,197.5500
2021-05-27,197.5500
2021-05-28,197.5500
2021-05-31,
2021-06-01,197.0000
2021-06-02,197.5000
2021-06-03,197.0500
2021-06-04,197.0500
2021-06-07,197.1100
2021-06-08,197.5500
2021-06-09,197.6900
2021-06-10,198.0000
2021-06-11,197.6000
2021-06-14,197.5300
2021-06-15,197.5300
2021-06-16,197.6900
2021-06-17,197.9200
2021-06-18,197.6900
2021-06-21,198.0000
2021-06-22,198.1400
2021-06-23,197.9900
2021-06-24,198.5200
2021-06-25,198.5000
2021-06-28,199.0000
2021-06-29,199.0000
2021-06-30,198.8500
2021-07-01,199.0000
2021-07-02,199.0000
2021-07-05,
2021-07-06,198.5000
2021-07-07,198.5000
2021-07-08,198.5000
2021-07-09,198.7000
2021-07-12,198.5200
2021-07-13,199.0000
2021-07-14,198.5000
2021-07-15,198.5000
2021-07-16,199.0000
2021-07-19,199.5000
2021-07-20,199.0500
2021-07-21,199.0500
2021-07-22,199.0000
2021-07-23,199.0000
2021-07-26,199.4700
2021-07-27,198.5000
2021-07-28,199.1900
2021-07-29,199.0000
2021-07-30,199.0000
2021-08-02,199.0000
2021-08-03,199.0000
2021-08-04,199.0000
2021-08-05,199.0000
2021-08-06,199.0000
2021-08-09,199.0000
2021-08-10,199.0000
2021-08-11,198.8400
2021-08-12,199.0000
2021-08-13,199.5000
2021-08-16,198.9400
2021-08-17,199.0000
2021-08-18,199.0000
2021-08-19,199.1000
2021-08-20,199.0000
2021-08-23,199.5000
2021-08-24,199.0000
2021-08-25,199.2500
2021-08-26,199.0000
2021-08-27,200.0000
2021-08-30,199.5000
2021-08-31,199.1600
2021-09-01,199.0000
2021-09-02,199.4700
2021-09-03,200.0000
2021-09-06,
2021-09-07,199.0000
2021-09-08,199.0000
2021-09-09,199.5000
2021-09-10,200.0000
2021-09-13,199.0000
2021-09-14,199.0000
2021-09-15,199.0000
2021-09-16,199.0000
2021-09-17,199.2900
2021-09-20,199.0000
2021-09-21,199.0000
2021-09-22,199.0000
2021-09-23,199.5000
2021-09-24,199.0300
2021-09-27,199.0000
2021-09-28,199.1300
2021-09-29,199.3500
2021-09-30,199.0000
2021-10-01,199.0000
2021-10-04,199.0000
2021-10-05,199.5000
2021-10-06,199.5000
2021-10-07,199.5000
2021-10-08,199.5000
2021-10-11,
2021-10-12,200.0000
2021-10-13,201.0000
2021-10-14,201.0000
2021-10-15,200.3000
2021-10-18,200.0000
2021-10-19,199.6900
2021-10-20,198.8500
2021-10-21,200.0000
2021-10-22,200.0100
2021-10-25,200.0000
2021-10-26,202.5000
2021-10-27,201.1100
2021-10-28,200.4900
2021-10-29,200.7100
2021-11-01,201.0000
2021-11-02,201.0300
2021-11-03,200.6100
2021-11-04,200.0000
2021-11-05,200.0000
2021-11-08,200.0000
2021-11-09,200.2900
2021-11-10,201.0000
2021-11-11,
2021-11-12,201.0500
2021-11-15,201.8000
2021-11-16,201.8000
2021-11-17,200.9400
2021-11-18,201.0000
2021-11-19,201.0100
2021-11-22,202.4600
2021-11-23,202.5000
2021-11-24,201.0000
2021-11-25,
2021-11-26,201.7900
2021-11-29,202.5000
2021-11-30,202.5000
2021-12-01,200.8600
2021-12-02,202.0000
2021-12-03,201.0000
2021-12-06,202.5000
2021-12-07,202.0000
2021-12-08,202.7500
2021-12-09,202.0000
2021-12-10,202.0000
2021-12-13,201.0000
2021-12-14,202.0000
2021-12-15,202.0000
2021-12-16,201.5600
2021-12-17,201.5600
2021-12-20,202.0000
2021-12-21,202.0000
2021-12-22,201.7900
2021-12-23,202.0000
2021-12-24,
2021-12-27,202.5000
2021-12-28,202.7500
2021-12-29,202.0000
2021-12-30,202.7500
2021-12-31,
2022-01-03,202.7500
2022-01-04,202.7500
2022-01-05,201.0000
2022-01-06,201.0000
2022-01-07,202.7500
2022-01-10,202.7500
2022-01-11,202.7500
2022-01-12,202.7500
2022-01-13,202.7500
2022-01-14,200.0500
2022-01-17,
2022-01-18,200.3700
2022-01-19,202.7500
2022-01-20,202.0000
2022-01-21,202.0000
2022-01-24,201.0000
2022-01-25,200.0000
2022-01-26,202.7500
2022-01-27,201.0000
2022-01-28,201.0000
2022-01-31,202.6700
2022-02-01,202.6700
2022-02-02,202.7500
2022-02-03,202.5000
2022-02-04,201.1400
2022-02-07,202.7500
2022-02-08,201.6600
2022-02-09,200.5100
2022-02-10,202.7500
2022-02-11,202.0000
2022-02-14,202.0000
2022-02-15,202.0000
2022-02-16,200.8900
2022-02-17,202.5000
2022-02-18,202.0000
2022-02-21,
2022-02-22,202.5000
2022-02-23,202.5000
2022-02-24,202.0000
2022-02-25,202.0000
2022-02-28,201.0000
2022-03-01,199.9400
2022-03-02,202.5000
2022-03-03,202.0000
2022-03-04,200.0000
2022-03-07,200.7900
2022-03-08,225.2000
2022-03-09,225.1600
2022-03-10,231.4100
2022-03-11,250.0800
2022-03-14,250.1200
2022-03-15,260.0000
2022-03-16,265.0000
2022-03-17,264.4500
2022-03-18,275.0000
2022-03-21,275.0000
2022-03-22,272.0600
2022-03-23,280.0000
2022-03-24,285.0000
2022-03-25,290.0000
2022-03-28,285.0000
2022-03-29,288.9700
2022-03-30,293.0000
2022-03-31,290.0000
2022-04-01,294.7000
2022-04-04,295.0000
2022-04-05,295.0000
2022-04-06,295.9000
2022-04-07,310.0000
2022-04-08,310.0000
2022-04-11,315.0000
2022-04-12,315.1800
2022-04-13,314.7400
2022-04-14,314.7400
2022-04-15,315.1300
2022-04-18,320.0000
2022-04-19,330.0000
2022-04-20,330.0000
2022-04-21,330.0000
2022-04-22,330.0000
2022-04-25,330.0000
2022-04-26,340.0000
2022-04-27,350.0000
2022-04-28,346.2000
2022-04-29,345.2700
2022-05-02,345.2700
2022-05-03,345.2700
2022-05-04,347.4700
2022-05-05,365.0000
2022-05-06,358.8200
2022-05-09,358.8200
2022-05-10,360.6400
2022-05-11,361.1800
2022-05-12,365.0000
2022-05-13,355.3200
2022-05-16,354.8700
2022-05-17,355.3200
2022-05-18,355.0000
2022-05-19,355.0000
2022-05-20,355.2300
2022-05-23,355.0500
2022-05-24,355.1500
2022-05-25,359.0000
2022-05-26,359.5000
2022-05-27,359.4300
2022-05-30,
2022-05-31,355.8500
2022-06-01,355.2900
2022-06-02,355.3100
2022-06-03,356.0000
2022-06-06,362.0000
2022-06-07,357.0000
2022-06-08,357.0000
2022-06-09,357.0000
2022-06-10,357.6800
2022-06-13,355.0000
2022-06-14,354.5400
2022-06-15,355.0000
2022-06-16,357.0000
2022-06-17,357.0000
2022-06-20,
2022-06-21,358.0000
2022-06-22,356.1800
2022-06-23,357.0000
2022-06-24,357.0000
2022-06-27,357.0000
2022-06-28,356.0000
2022-06-29,356.0000
2022-06-30,356.0000
2022-07-01,356.0000
2022-07-04,
2022-07-05,356.5200
2022-07-06,356.6000
2022-07-07,355.0000
2022-07-08,360.0000
2022-07-11,355.0000
2022-07-12,355.0000
2022-07-13,354.7900
2022-07-14,361.0000
2022-07-15,359.5100
2022-07-18,355.0000
2022-07-19,358.2600
2022-07-20,356.0000
2022-07-21,358.0000
2022-07-22,355.0000
2022-07-25,358.0000
2022-07-26,357.0000
2022-07-27,357.0000
2022-07-28,362.0000
2022-07-29,357.0000
2022-08-01,355.7900
2022-08-02,358.0000
2022-08-03,357.0000
2022-08-04,357.0000
2022-08-05,357.0000
2022-08-08,360.5000
2022-08-09,357.0000
2022-08-10,358.0000
2022-08-11,357.9600
2022-08-12,355.0000
2022-08-15,355.0000
2022-08-16,355.0000
2022-08-17,355.0000
2022-08-18,355.0000
2022-08-19,355.0000
2022-08-22,357.0000
2022-08-23,355.0000
2022-08-24,357.0000
2022-08-25,357.0000
2022-08-26,357.0000
2022-08-29,355.0000
2022-08-30,355.0000
2022-08-31,358.0000
2022-09-01,358.0000
2022-09-02,355.0000
2022-09-05,
2022-09-06,355.0000
2022-09-07,355.7600
2022-09-08,359.0000
2022-09-09,355.0000
2022-09-12,361.9600
2022-09-13,358.4500
2022-09-14,360.7500
2022-09-15,362.0000
2022-09-16,360.7500
2022-09-19,359.0000
2022-09-20,359.0000
2022-09-21,361.0000
2022-09-22,358.0000
2022-09-23,359.0500
2022-09-26,359.0000
2022-09-27,359.0000
2022-09-28,360.0900
2022-09-29,359.5700
2022-09-30,362.0000
2022-10-03,358.0000
2022-10-04,363.0000
2022-10-05,363.0000
2022-10-06,363.0000
2022-10-07,363.0000
2022-10-10,
2022-10-11,363.0000
2022-10-12,362.2600
2022-10-13,361.2600
2022-10-14,363.0000
2022-10-17,362.0000
2022-10-18,362.0000
2022-10-19,361.4000
2022-10-20,361.6300
2022-10-21,362.0000
2022-10-24,354.3000
2022-10-25,363.0000
2022-10-26,363.0000
2022-10-27,363.0000
2022-10-28,363.0000
2022-10-31,363.0000
2022-11-01,361.5600
2022-11-02,362.0000
2022-11-03,363.0000
2022-11-04,362.0000
2022-11-07,354.4000
2022-11-08,365.0000
2022-11-09,363.0000
2022-11-10,362.5900
2022-11-11,
2022-11-14,363.0000
2022-11-15,363.0000
2022-11-16,363.0000
2022-11-17,363.2600
2022-11-18,363.2600
2022-11-21,363.1200
2022-11-22,363.0000
2022-11-23,363.0000
2022-11-24,
2022-11-25,363.0000
2022-11-28,364.5800
2022-11-29,363.0000
2022-11-30,365.0000
2022-12-01,365.0000
2022-12-02,365.0000
2022-12-05,363.3900
2022-12-06,362.5900
2022-12-07,362.6300
2022-12-08,362.9100
2022-12-09,363.0000
2022-12-12,363.2600
2022-12-13,362.2200
2022-12-14,363.0000
2022-12-15,363.0000
2022-12-16,363.4100
2022-12-19,362.8800
2022-12-20,363.0000
2022-12-21,363.0000
2022-12-22,363.0000
2022-12-23,363.3100
2022-12-26,
2022-12-27,363.0000
2022-12-28,363.0000
2022-12-29,363.0000
2022-12-30,363.3100
2023-01-02,
2023-01-03,364.3600
2023-01-04,363.9900
2023-01-05,364.0200
2023-01-06,363.9300
2023-01-09,364.3900
2023-01-10,365.4300
2023-01-11,363.4100
2023-01-12,365.4100
2023-01-13,363.9700
2023-01-16,
2023-01-17,364.8800
2023-01-18,363.0500
2023-01-19,364.0100
2023-01-20,364.6600
2023-01-23,362.0000
2023-01-24,363.3300
2023-01-25,363.1300
2023-01-26,363.1900
2023-01-27,362.8100
2023-01-30,364.3000
2023-01-31,364.6300
2023-02-01,363.9500
2023-02-02,364.6700
2023-02-03,363.0000
2023-02-06,364.2200
2023-02-07,363.1500
2023-02-08,362.9000
2023-02-09,362.9900
2023-02-10,362.5700
2023-02-13,363.0900
2023-02-14,362.5000
2023-02-15,362.6400
2023-02-16,362.7700
2023-02-17,363.0900
2023-02-20,
2023-02-21,362.1900
2023-02-22,362.4500
2023-02-23,363.2400
2023-02-24,362.4900
2023-02-27,360.4000
2023-02-28,358.0600
2023-03-01,354.2000
2023-03-02,345.9500
2023-03-03,334.3300
2023-03-06,333.6100
2023-03-07,322.2500
2023-03-08,315.0000
2023-03-09,320.0000
2023-03-10,315.0000
2023-03-13,325.0000
2023-03-14,327.6400
2023-03-15,335.0000
2023-03-16,339.5000
2023-03-17,336.0000
2023-03-20,335.0000
2023-03-21,320.0000
2023-03-22,319.5000
2023-03-23,318.0000
2023-03-24,320.0000
2023-03-27,319.6800
2023-03-28,321.5000
2023-03-29,325.0000
2023-03-30,325.0000
2023-03-31,324.0000
2023-04-03,322.6700
2023-04-04,319.5900
2023-04-05,319.6700
2023-04-06,320.0000
2023-04-07,319.2500
2023-04-10,318.0000
2023-04-11,319.0000
2023-04-12,319.0000
2023-04-13,318.7800
2023-04-14,318.7800
2023-04-17,319.0000
2023-04-18,318.0000
2023-04-19,318.5000
2023-04-20,318.0000
2023-04-21,318.0000
2023-04-24,317.9000
2023-04-25,321.5000
2023-04-26,319.6700
2023-04-27,319.6700
2023-04-28,320.0000
2023-05-01,319.0900
2023-05-02,320.0000
2023-05-03,319.5000
2023-05-04,319.0000
2023-05-05,318.7500
2023-05-08,318.0000
2023-05-09,317.0000
2023-05-10,315.9000
2023-05-11,313.0000
2023-05-12,312.0000
2023-05-15,313.0000
2023-05-16,309.0000
2023-05-17,305.0000
2023-05-18,306.0000
2023-05-19,306.5000
2023-05-22,305.0000
2023-05-23,304.5000
2023-05-24,303.0000
2023-05-25,302.0000
2023-05-26,297.0000
2023-05-29,
2023-05-30,294.0000
2023-05-31,290.0000
2023-06-01,293.5000
2023-06-02,290.0000
2023-06-05,290.0000
2023-06-06,291.5000
2023-06-07,291.0000
2023-06-08,294.0000
2023-06-09,295.5000
2023-06-12,298.0000
2023-06-13,306.0000
2023-06-14,309.6800
2023-06-15,306.5000
2023-06-16,305.5700
2023-06-19,
2023-06-20,306.0000
2023-06-21,306.0000
2023-06-22,306.0000
2023-06-23,307.5000
2023-06-26,307.5000
2023-06-27,308.0000
2023-06-28,307.5000
2023-06-29,307.1500
2023-06-30,307.2900
2023-07-03,305.9300
2023-07-04,
2023-07-05,306.0000
2023-07-06,309.0000
2023-07-07,309.0000
2023-07-10,310.0000
2023-07-11,313.0000
2023-07-12,314.0000
2023-07-13,317.0000
2023-07-14,318.0000
2023-07-17,320.8600
2023-07-18,322.0000
2023-07-19,323.0000
2023-07-20,324.0000
2023-07-21,326.5000
2023-07-24,329.0000
2023-07-25,330.0000
2023-07-26,328.0000
2023-07-27,328.0000
2023-07-28,328.0400
2023-07-31,319.4200
2023-08-01,317.6100
2023-08-02,313.0000
2023-08-03,316.1700
2023-08-04,320.0000
2023-08-07,322.0000
2023-08-08,319.5000
2023-08-09,319.5000
2023-08-10,319.0000
2023-08-11,319.0000
2023-08-14,321.0000
2023-08-15,320.0000
2023-08-16,321.0000
2023-08-17,321.5000
2023-08-18,323.0000
2023-08-21,323.0000
2023-08-22,323.5000
2023-08-23,323.0000
2023-08-24,323.0000
2023-08-25,323.0000
2023-08-28,323.7500
2023-08-29,320.5000
2023-08-30,320.3400
2023-08-31,318.5000
2023-09-01,318.5000
2023-09-04,
2023-09-05,321.0000
2023-09-06,321.0000
2023-09-07,322.0000
2023-09-08,321.0000
2023-09-11,321.0000
2023-09-12,322.2500
2023-09-13,322.0000
2023-09-14,321.9800
2023-09-15,322.7500
2023-09-18,324.2500
2023-09-19,324.0000
2023-09-20,324.0000
2023-09-21,323.5000
2023-09-22,324.0000
2023-09-25,324.0000
2023-09-26,323.5000
2023-09-27,323.7500
2023-09-28,322.3900
2023-09-29,322.2000
2023-10-02,324.1000
2023-10-03,323.5000
2023-10-04,323.2500
2023-10-05,323.9500
2023-10-06,323.7500
2023-10-09,
2023-10-10,323.5000
2023-10-11,323.6000
2023-10-12,323.2500
2023-10-13,323.2500
2023-10-16,323.9000
2023-10-17,324.0000
2023-10-18,324.5000
2023-10-19,324.5000
2023-10-20,325.5000
2023-10-23,325.5700
2023-10-24,326.6700
2023-10-25,326.2500
2023-10-26,326.5000
2023-10-27,327.3000
2023-10-30,327.0000
2023-10-31,327.5000
2023-11-01,327.5000
2023-11-02,328.7500
2023-11-03,328.5000
2023-11-06,326.5000
2023-11-07,327.5000
2023-11-08,328.2500
2023-11-09,327.0000
2023-11-10,
2023-11-13,326.5000
2023-11-14,327.6000
2023-11-15,328.5000
2023-11-16,327.7500
2023-11-17,327.5000
2023-11-20,327.3600
2023-11-21,328.3000
2023-11-22,328.2500
2023-11-23,
2023-11-24,328.2000
2023-11-27,328.7500
2023-11-28,329.0000
2023-11-29,328.2500
2023-11-30,327.7500
2023-12-01,327.2500
2023-12-04,327.8500
2023-12-05,327.8000
2023-12-06,326.8000
2023-12-07,326.5000
2023-12-08,326.7500
2023-12-11,326.7500
2023-12-12,326.7500
2023-12-13,326.5000
2023-12-14,326.4000
2023-12-15,326.8500
2023-12-18,326.7500
2023-12-19,326.7500
2023-12-20,326.7500
2023-12-21,326.1500
2023-12-22,325.3000
2023-12-25,
2023-12-26,324.9700
2023-12-27,323.7500
2023-12-28,323.8000
2023-12-29,323.8000
2024-01-01,
2024-01-02,321.5000
2024-01-03,322.5000
2024-01-04,322.5000
2024-01-05,322.5000
2024-01-08,322.2000
2024-01-09,322.4000
2024-01-10,322.7500
2024-01-11,322.5000
2024-01-12,322.0000
2024-01-15,
2024-01-16,321.4000
2024-01-17,320.8000
2024-01-18,320.5000
2024-01-19,320.1000
2024-01-22,319.8000
2024-01-23,319.7000
2024-01-24,318.0000
2024-01-25,317.9700
2024-01-26,317.5000
2024-01-29,317.6000
2024-01-30,316.8000
2024-01-31,315.7000
2024-02-01,313.2000
2024-02-02,311.5000
2024-02-05,312.4000
2024-02-06,313.5000
2024-02-07,312.7500
2024-02-08,312.7500
2024-02-09,312.6000
2024-02-12,313.2500
2024-02-13,313.0000
2024-02-14,313.1000
2024-02-15,312.7000
2024-02-16,312.2000
2024-02-19,
2024-02-20,311.8000
2024-02-21,311.3000
2024-02-22,310.7000
2024-02-23,310.0400
2024-02-26,310.7000
2024-02-27,310.2500
2024-02-28,310.0000
2024-02-29,309.5000
2024-03-01,308.7000
2024-03-04,307.8000
2024-03-05,307.9000
2024-03-06,307.6000
2024-03-07,307.2500
2024-03-08,307.0500
2024-03-11,306.9000
2024-03-12,306.4000
2024-03-13,306.0000
2024-03-14,305.5000
2024-03-15,305.1500
2024-03-18,304.4000
2024-03-19,303.8500
2024-03-20,304.0500
2024-03-21,303.8500
2024-03-22,303.2000
2024-03-25,302.6000
2024-03-26,301.8000
2024-03-27,300.8000
2024-03-28,300.3000
2024-03-29,300.3000
2024-04-01,300.0000
2024-04-02,299.8500
2024-04-03,299.7500
2024-04-04,299.6500
2024-04-05,299.2000
2024-04-08,298.8000
2024-04-09,298.5500
2024-04-10,298.4000
2024-04-11,298.1000
2024-04-12,298.1900
2024-04-15,298.9000
2024-04-16,299.7500
2024-04-17,301.0000
2024-04-18,300.6800
2024-04-19,301.0000
2024-04-22,301.3700
2024-04-23,299.9000
2024-04-24,297.7500
2024-04-25,296.8000
2024-04-26,295.9000
2024-04-29,296.5000
2024-04-30,297.2500
2024-05-01,297.1600
2024-05-02,296.9000
2024-05-03,297.0000
2024-05-06,297.1900
2024-05-07,299.4000
2024-05-08,298.4000
2024-05-09,298.6000
2024-05-10,298.5000
2024-05-13,300.0000
2024-05-14,300.5000
2024-05-15,301.7800
2024-05-16,300.6000
2024-05-17,299.3000
2024-05-20,299.5500
2024-05-21,299.8000
2024-05-22,299.9000
2024-05-23,299.7600
2024-05-24,299.6100
2024-05-27,
2024-05-28,301.7000
2024-05-29,301.4000
2024-05-30,301.8500
2024-05-31,301.8000
2024-06-03,301.8000
2024-06-04,302.0500
2024-06-05,302.2500
2024-06-06,302.8000
2024-06-07,302.5000
2024-06-10,303.1000
2024-06-11,303.2000
2024-06-12,303.7000
2024-06-13,303.7500
2024-06-14,303.8000
2024-06-17,303.5600
2024-06-18,304.6000
2024-06-19,
2024-06-20,305.1000
2024-06-21,304.8800
2024-06-24,305.0000
2024-06-25,305.1000
2024-06-26,305.3000
2024-06-27,305.5000
2024-06-28,305.9000
2024-07-01,305.0000
2024-07-02,302.5000
2024-07-03,304.2000
2024-07-04,
2024-07-05,304.5000
2024-07-08,304.2500
2024-07-09,303.9000
2024-07-10,303.6000
2024-07-11,302.8000
2024-07-12,301.6500
2024-07-15,302.3000
2024-07-16,301.9100
2024-07-17,303.4100
2024-07-18,303.7000
2024-07-19,303.5000
2024-07-22,303.7500
2024-07-23,303.5000
2024-07-24,303.4000
2024-07-25,303.2000
2024-07-26,302.9000
2024-07-29,302.6000
2024-07-30,302.4000
2024-07-31,302.2500
2024-08-01,302.2000
2024-08-02,301.8000
2024-08-05,302.3000
2024-08-06,302.0000
2024-08-07,301.5000
2024-08-08,300.8000
2024-08-09,299.9500
2024-08-12,299.4000
2024-08-13,299.0500
2024-08-14,299.1000
2024-08-15,298.9000
2024-08-16,298.7000
2024-08-19,298.5000
2024-08-20,299.4000
2024-08-21,300.2500
2024-08-22,301.0000
2024-08-23,299.7000
2024-08-26,300.7000
2024-08-27,300.3000
2024-08-28,300.5000
2024-08-29,300.0000
2024-08-30,299.0200
2024-09-02,
2024-09-03,299.0000
2024-09-04,298.8500
2024-09-05,298.7500
2024-09-06,298.9000
2024-09-09,300.8000
2024-09-10,300.5000
2024-09-11,300.8000
2024-09-12,301.3000
2024-09-13,301.2400
2024-09-16,301.7500
2024-09-17,301.6000
2024-09-18,303.2000
2024-09-19,304.2000
2024-09-20,304.8400
2024-09-23,304.1000
2024-09-24,303.0000
2024-09-25,300.5000
2024-09-26,299.7000
2024-09-27,298.7000
2024-09-30,296.0000
2024-10-01,294.7500
2024-10-02,295.0000
2024-10-03,293.8000
2024-10-04,293.8000
2024-10-07,293.2000
2024-10-08,293.0000
2024-10-09,292.9000
2024-10-10,292.7000
2024-10-11,292.7000
2024-10-14,
2024-10-15,293.0000
2024-10-16,292.8000
2024-10-17,292.6000
2024-10-18,292.9000
2024-10-21,293.0000
2024-10-22,293.1000
2024-10-23,293.3000
2024-10-24,293.5500
2024-10-25,293.4000
2024-10-28,293.5500
2024-10-29,293.6000
2024-10-30,292.9000
2024-10-31,292.5300
2024-11-01,292.9000
2024-11-04,293.1000
2024-11-05,293.0000
2024-11-06,292.7500
2024-11-07,292.5500
2024-11-08,292.5000
2024-11-11,
2024-11-12,292.3500
2024-11-13,292.2000
2024-11-14,292.1000
2024-11-15,291.9200
2024-11-18,291.3000
2024-11-19,290.9000
2024-11-20,290.9000
2024-11-21,290.9000
2024-11-22,291.0000
2024-11-25,290.9000
2024-11-26,291.1000
2024-11-27,290.9000
2024-11-28,
2024-11-29,290.6000
2024-12-02,290.6000
2024-12-03,290.4500
2024-12-04,290.3500
2024-12-05,290.2500
2024-12-06,290.2500
2024-12-09,290.3000
2024-12-10,290.2000
2024-12-11,290.1500
2024-12-12,290.1500
2024-12-13,290.1500
2024-12-16,290.7000
2024-12-17,291.0000
2024-12-18,291.3000
2024-12-19,292.8000
2024-12-20,293.1600
2024-12-23,295.7100
2024-12-24,294.5000
2024-12-25,
2024-12-26,293.9000
2024-12-27,292.0000
2024-12-30,292.3500
2024-12-31,293.0000
2025-01-01,
2025-01-02,293.1000
2025-01-03,293.3400
2025-01-06,295.5000
2025-01-07,295.2500
2025-01-08,295.8000
2025-01-09,294.5000
2025-01-10,294.4000
2025-01-13,294.4200
2025-01-14,294.4200
2025-01-15,295.5000
2025-01-16,296.2000
2025-01-17,296.3000
2025-01-20,
2025-01-21,297.4000
2025-01-22,298.5000
2025-01-23,298.5000
2025-01-24,298.1000
2025-01-27,298.4000
2025-01-28,296.8000
2025-01-29,296.4000
2025-01-30,297.4000
2025-01-31,297.8000
2025-02-03,299.4000
2025-02-04,299.2200
2025-02-05,298.4000
2025-02-06,298.1000
2025-02-07,297.1000
2025-02-10,296.7000
2025-02-11,296.8000
2025-02-12,296.6000
2025-02-13,295.7000
2025-02-14,295.5000
2025-02-17,
2025-02-18,296.0000
2025-02-19,296.8000
2025-02-20,296.0000
2025-02-21,295.7000
2025-02-24,295.5500
2025-02-25,295.5000
2025-02-26,295.4700
2025-02-27,295.2500
2025-02-28,295.2000
2025-03-03,295.2000
2025-03-04,295.1400
2025-03-05,295.0700
2025-03-06,295.5000
2025-03-07,295.4000
2025-03-10,295.4000
2025-03-11,295.4000
2025-03-12,295.3000
2025-03-13,295.2000
2025-03-14,296.3000
2025-03-17,296.3000
2025-03-18,296.0000
2025-03-19,296.3000
2025-03-20,296.4000
2025-03-21,296.3000
2025-03-24,296.5900
2025-03-25,296.4000
2025-03-26,296.3000
2025-03-27,296.2000
2025-03-28,296.1500
2025-03-31,296.0200
2025-04-01,296.0500
2025-04-02,296.0000
2025-04-03,296.8000
2025-04-04,296.6000
2025-04-07,297.7500
2025-04-08,298.5800
2025-04-09,300.7500
2025-04-10,297.0700
2025-04-11,297.9000
2025-04-14,298.0100
2025-04-15,297.7300
2025-04-16,298.1900
2025-04-17,298.8500
2025-04-18,298.6600
2025-04-21,299.2000
2025-04-22,299.8000
2025-04-23,299.6000
2025-04-24,299.9000
2025-04-25,299.5500
2025-04-28,299.5500
2025-04-29,299.4500
2025-04-30,299.4500
2025-05-01,299.4200
2025-05-02,299.4500
2025-05-05,299.4500
2025-05-06,299.4000
2025-05-07,299.3000
2025-05-08,299.0500
2025-05-09,298.8000
2025-05-12,298.6800
2025-05-13,298.6300
2025-05-14,298.6000
2025-05-15,298.4500
2025-05-16,299.1000
2025-05-19,299.9000
2025-05-20,300.3000
2025-05-21,299.5000
2025-05-22,299.2500
2025-05-23,299.3500
2025-05-26,
2025-05-27,299.5500
2025-05-28,299.4000
2025-05-29,299.2500
2025-05-30,299.4000
2025-06-02,299.4500
2025-06-03,299.3000
2025-06-04,299.2500
2025-06-05,299.1000
2025-06-06,299.0000
2025-06-09,299.0000
2025-06-10,298.8900
2025-06-11,298.9000
2025-06-12,299.0000
2025-06-13,299.7000
2025-06-16,300.7000
2025-06-17,300.3300
2025-06-18,300.4000
2025-06-19,
2025-06-20,300.4000
2025-06-23,300.5700
2025-06-24,300.4000
2025-06-25,300.1000
2025-06-26,299.9000
2025-06-27,299.8000
2025-06-30,299.9500
2025-07-01,299.9000
2025-07-02,299.9000
2025-07-03,299.9000
2025-07-04,
2025-07-07,300.8200
2025-07-08,300.5500
2025-07-09,300.3000
2025-07-10,300.1500
2025-07-11,300.5000
2025-07-14,300.8000
2025-07-15,300.8000
2025-07-16,300.9500
2025-07-17,301.2300
2025-07-18,301.5000
2025-07-21,301.7000
2025-07-22,301.7000
2025-07-23,301.6500
2025-07-24,301.7500
2025-07-25,301.8000
2025-07-28,301.9000
2025-07-29,302.0000
2025-07-30,302.1500
2025-07-31,301.8900
2025-08-01,301.2000
2025-08-04,300.8500
2025-08-05,300.7000
2025-08-06,300.7000
2025-08-07,300.6500
2025-08-08,300.4400
2025-08-11,300.7000
2025-08-12,300.9500
2025-08-13,300.8000
2025-08-14,301.0500
2025-08-15,300.9700
2025-08-18,301.0000
2025-08-19,301.3000
2025-08-20,301.7000
2025-08-21,301.8500
2025-08-22,301.8500
2025-08-25,302.0500
2025-08-26,302.2000
2025-08-27,302.3000
2025-08-28,302.3000
2025-08-29,302.0000
2025-09-01,
2025-09-02,302.1000
2025-09-03,302.0000
2025-09-04,301.9000
2025-09-05,301.5000
2025-09-08,301.9000
2025-09-09,301.8000
2025-09-10,301.9000
2025-09-11,301.8000
2025-09-12,301.7500
2025-09-15,302.0000
2025-09-16,302.0000
2025-09-17,301.9000
2025-09-18,302.0000
2025-09-19,302.3000
2025-09-22,302.4000
2025-09-23,302.3000
2025-09-24,302.4000
2025-09-25,302.4500
2025-09-26,302.5000
2025-09-29,302.5000
2025-09-30,302.5000
2025-10-01,302.4000
2025-10-02,302.4000
2025-10-03,302.3500
2025-10-06,302.1400
2025-10-07,302.4000
2025-10-08,302.5500
2025-10-09,302.6500
2025-10-10,302.5500
2025-10-13,
2025-10-14,302.8000
2025-10-15,302.9500
2025-10-16,302.9500
2025-10-17,302.7500
2025-10-20,302.1600
2025-10-21,303.1000
2025-10-22,303.3000
2025-10-23,303.5000
2025-10-24,303.6500
2025-10-27,303.6500
2025-10-28,304.2500
2025-10-29,304.3000
2025-10-30,304.2000
2025-10-31,304.4000
2025-11-03,304.4000
2025-11-04,304.6000
2025-11-05,303.7300
2025-11-06,304.9000
2025-11-07,304.7500
2025-11-10,304.0000
2025-11-11,
2025-11-12,304.4500
2025-11-13,304.4500
2025-11-14,306.7000
2025-11-17,306.0600
2025-11-18,307.7500
2025-11-19,307.6000
2025-11-20,308.0000
2025-11-21,307.7500
2025-11-24,307.6000
2025-11-25,307.8000
2025-11-26,307.9000
2025-11-27,
2025-11-28,308.1000
2025-12-01,308.4500
2025-12-02,308.7500
2025-12-03,308.6000
2025-12-04,307.9500
2025-12-05,308.4000
2025-12-08,308.5000
2025-12-09,308.6000
2025-12-10,308.7000
2025-12-11,309.2000
2025-12-12,308.9500
2025-12-15,309.1000
2025-12-16,309.4500
2025-12-17,309.6000
2025-12-18,309.3000
2025-12-19,309.5000
2025-12-22,309.5000
2025-12-23,309.5000
2025-12-24,309.5500
2025-12-25,
2025-12-26,309.5500
2025-12-29,309.7500
2025-12-30,310.0000
2025-12-31,309.4000
2026-01-01,
2026-01-02,309.7000
2026-01-05,309.9000
2026-01-06,309.9500
2026-01-07,310.0000
2026-01-08,309.0000
2026-01-09,309.1000
2026-01-12,309.0500
2026-01-13,309.1000
2026-01-14,309.1100
2026-01-15,309.1400
2026-01-16,309.4900
2026-01-19,
2026-01-20,309.6800
2026-01-21,309.5000
2026-01-22,309.6200
2026-01-23,309.7500
2026-01-26,309.4100
2026-01-27,309.6500
2026-01-28,309.4500
2026-01-29,309.3500
2026-01-30,309.2200
2026-02-02,309.3200
2026-02-03,309.4500
2026-02-04,309.2500
2026-02-05,309.4500
2026-02-06,309.3500
2026-02-09,309.3100
2026-02-10,309.3000
2026-02-11,309.3000
2026-02-12,309.3000
2026-02-13,309.2000
2026-02-16,
2026-02-17,309.2300
2026-02-18,309.3000
2026-02-19,309.2800
2026-02-20,309.2700
2026-02-23,309.2700
2026-02-24,309.2900
2026-02-25,309.2500
2026-02-26,309.2500
2026-02-27,309.2100
2026-03-02,309.2000
2026-03-03,309.5300
2026-03-04,310.0600
2026-03-05,310.5700
2026-03-06,310.9100
2026-03-09,311.3500
2026-03-10,310.8600
2026-03-11,310.7400
2026-03-12,310.8400
2026-03-13,310.9700
